PRAGMA foreign_keys = ON;
DROP TABLE IF EXISTS `Course_Authors_and_Tutors`;
CREATE TABLE `Course_Authors_and_Tutors` (
`author_id` INTEGER PRIMARY KEY,
`author_tutor_ATB` VARCHAR(3),
`login_name` VARCHAR(40),
`password` VARCHAR(40),
`personal_name` VARCHAR(80),
`middle_name` VARCHAR(80),
`family_name` VARCHAR(80),
`gender_mf` VARCHAR(1),
`address_line_1` VARCHAR(80)
);
INSERT INTO Course_Authors_and_Tutors (`author_id`, `author_tutor_ATB`, `login_name`, `password`, `personal_name`, `middle_name`, `family_name`, `gender_mf`, `address_line_1`) VALUES (1, '331', 'jmckenzie', 'c40fa148bdd0d2d45cd6e9ec1e685750fe07f81b', 'Cathrine', 'Ruthie', 'Grant', '0', '756 Monahan Mews
Spinkashire, NJ 64230-5098');
INSERT INTO Course_Authors_and_Tutors (`author_id`, `author_tutor_ATB`, `login_name`, `password`, `personal_name`, `middle_name`, `family_name`, `gender_mf`, `address_line_1`) VALUES (2, '975', 'heidenreich.ara', '24b0ee84063c3b017ab1839e01b7280f47f7c7c2', 'Retha', 'Corene', 'Armstrong', '0', '98623 Huels Manor
Jasttown, DE 31611');
INSERT INTO Course_Authors_and_Tutors (`author_id`, `author_tutor_ATB`, `login_name`, `password`, `personal_name`, `middle_name`, `family_name`, `gender_mf`, `address_line_1`) VALUES (3, '349', 'clementina29', 'cdaf6c3483f19e2253659a40a3aab786a3390f78', 'Darius', 'Ethyl', 'Reichel', '0', '99296 Keeling Courts
North Audreanne, IL 28272');
INSERT INTO Course_Authors_and_Tutors (`author_id`, `author_tutor_ATB`, `login_name`, `password`, `personal_name`, `middle_name`, `family_name`, `gender_mf`, `address_line_1`) VALUES (4, '782', 'wlehner', 'd34378200c9b5f72d3039fa640e7920aaec0fdf2', 'Julio', 'Aniyah', 'Nader', '1', '644 Montana Hill Suite 489
Daijamouth, CA 19587-4254');
INSERT INTO Course_Authors_and_Tutors (`author_id`, `author_tutor_ATB`, `login_name`, `password`, `personal_name`, `middle_name`, `family_name`, `gender_mf`, `address_line_1`) VALUES (5, '388', 'nyundt', '2c196efe8aee23a1b9a7e752fe63029c5879af6f', 'Yessenia', 'Zena', 'Barrows', '1', '5284 Champlin Roads
Cassinport, WY 54636');
INSERT INTO Course_Authors_and_Tutors (`author_id`, `author_tutor_ATB`, `login_name`, `password`, `personal_name`, `middle_name`, `family_name`, `gender_mf`, `address_line_1`) VALUES (6, '817', 'al75', 'e96c0bcbbbb14747747a56ff4c17354f343a5b4f', 'Adolf', 'Keira', 'Rohan', '1', '92220 Hellen Skyway Apt. 635
Rennerview, MS 81036');
INSERT INTO Course_Authors_and_Tutors (`author_id`, `author_tutor_ATB`, `login_name`, `password`, `personal_name`, `middle_name`, `family_name`, `gender_mf`, `address_line_1`) VALUES (7, '869', 'marty.bergnaum', '3e2f7bf1e6acf0d616a8703ee0050fba13bc007f', 'Logan', 'Ethelyn', 'Treutel', '1', '67541 Osborne Creek Suite 532
Bernhardview, WV 30288-1050');
INSERT INTO Course_Authors_and_Tutors (`author_id`, `author_tutor_ATB`, `login_name`, `password`, `personal_name`, `middle_name`, `family_name`, `gender_mf`, `address_line_1`) VALUES (8, '557', 'medhurst.alvah', '02d64f11de97436343a0beba41bfcf69af61be1e', 'Kelsie', 'Kennith', 'Rowe', '0', '0256 Walter Meadows Suite 523
Norbertoborough, AZ 49193');
INSERT INTO Course_Authors_and_Tutors (`author_id`, `author_tutor_ATB`, `login_name`, `password`, `personal_name`, `middle_name`, `family_name`, `gender_mf`, `address_line_1`) VALUES (9, '505', 'antonetta19', '4d8e909ae9b8888c93a2c5f1eccbd0c4ac6a01c3', 'Georgiana', 'Mathew', 'Zboncak', '0', '445 Quigley Fall
Port Antonette, IN 81992-1255');
INSERT INTO Course_Authors_and_Tutors (`author_id`, `author_tutor_ATB`, `login_name`, `password`, `personal_name`, `middle_name`, `family_name`, `gender_mf`, `address_line_1`) VALUES (10, '159', 'adam.rippin', 'b517a107b5f08fafe9628e88e7263a6f3a4a55c0', 'Deja', 'Joyce', 'Champlin', '1', '22575 Effertz Neck Apt. 046
Port Scotty, NY 67108-9197');
INSERT INTO Course_Authors_and_Tutors (`author_id`, `author_tutor_ATB`, `login_name`, `password`, `personal_name`, `middle_name`, `family_name`, `gender_mf`, `address_line_1`) VALUES (11, '229', 'dschaefer', '4f149f75ecd84afcdf27343509cdd03d81edb119', 'Ciara', 'Alejandra', 'Greenholt', '0', '425 White Brooks
Emmaleefort, IN 97850-2510');
INSERT INTO Course_Authors_and_Tutors (`author_id`, `author_tutor_ATB`, `login_name`, `password`, `personal_name`, `middle_name`, `family_name`, `gender_mf`, `address_line_1`) VALUES (12, '847', 'nellie.mosciski', 'a48e25a58b3088e9cfdaca61130555ed2c772452', 'Sheldon', 'Jayce', 'Kreiger', '1', '513 Collins Plain Apt. 829
Clementinaville, VT 59908-2793');
INSERT INTO Course_Authors_and_Tutors (`author_id`, `author_tutor_ATB`, `login_name`, `password`, `personal_name`, `middle_name`, `family_name`, `gender_mf`, `address_line_1`) VALUES (13, '613', 'qking', '6b9979a83b4a9e03ead034c8de47f1b013a3d3af', 'Madonna', 'Jaclyn', 'Effertz', '1', '139 O''Conner Circles
Virginieland, KS 23365');
INSERT INTO Course_Authors_and_Tutors (`author_id`, `author_tutor_ATB`, `login_name`, `password`, `personal_name`, `middle_name`, `family_name`, `gender_mf`, `address_line_1`) VALUES (14, '833', 'fiona77', '120ac8a5744f5b710ecaebbd8dd1633e3e33886e', 'Dusty', 'Amani', 'Crist', '1', '3602 Boehm Forest
Zulaufton, DC 35229-0366');
INSERT INTO Course_Authors_and_Tutors (`author_id`, `author_tutor_ATB`, `login_name`, `password`, `personal_name`, `middle_name`, `family_name`, `gender_mf`, `address_line_1`) VALUES (15, '974', 'ekshlerin', '6d587cec8006e3a40565e1dad2c5b5b12b475b8f', 'Shakira', 'Fritz', 'Haley', '0', '8928 Kunze Valley Apt. 747
South Jedidiahmouth, DE 28167');


INSERT INTO Course_Authors_and_Tutors (
  `author_id`, `author_tutor_ATB`, `login_name`, `password`, `personal_name`, `middle_name`, `family_name`, `gender_mf`, `address_line_1`) VALUES 
(16, '123', 'john.doe', 'f00b4r', 'John', 'David', 'Doe', '1', '123 Main St'),
(17, '456', 'jane.smith', 'p4ssw0rd', 'Jane', 'Elizabeth', 'Smith', '0', '456 Elm St'),
(18, '789', 'sam.jones', 's3cr3t', 'Sam', 'Robert', 'Jones', '1', '789 Oak St'),
(19, '246', 'emily.white', 'pa$$w0rd', 'Emily', 'Marie', 'White', '0', '246 Pine St'),
(20, '135', 'alex.green', 'gr33n123', 'Alex', 'Michael', 'Green', '1', '135 Cedar St'),
(21, '579', 'olivia.brown', 'br0wnie', 'Olivia', 'Grace', 'Brown', '0', '579 Maple St'),
(22, '852', 'mason.johnson', 'm4s0n', 'Mason', 'William', 'Johnson', '1', '852 Walnut St'),
(23, '468', 'ava.davis', 'dav1s4va', 'Ava', 'Sophia', 'Davis', '0', '468 Birch St'),
(24, '975', 'ethan.miller', 'mill3r', 'Ethan', 'Andrew', 'Miller', '1', '975 Hickory St'),
(25, '357', 'chloe.wilson', 'wils0nch', 'Chloe', 'Isabella', 'Wilson', '0', '357 Ash St'),
(26, '864', 'lucas.moore', 'l00k4s', 'Lucas', 'Benjamin', 'Moore', '1', '864 Sycamore St'),
(27, '159', 'mia.taylor', 't4ylormia', 'Mia', 'Natalie', 'Taylor', '0', '159 Poplar St'),
(28, '246', 'harper.anderson', '4nd3rson', 'Harper', 'Liam', 'Anderson', '1', '246 Spruce St'),
(29, '753', 'amelia.thomas', 'thomasam', 'Amelia', 'Evelyn', 'Thomas', '0', '753 Redwood St'),
(30, '852', 'henry.jackson', 'j4cks0nh', 'Henry', 'James', 'Jackson', '1', '852 Cedar St'),
(31, '258', 'mia.garcia', 'miag123', 'Mia', 'Sofia', 'Garcia', '0', '789 Oak St'),
(32, '369', 'daniel.rodriguez', 'r0dr1gu3z', 'Daniel', 'Ethan', 'Rodriguez', '1', '135 Cedar St'),
(33, '147', 'emily.lopez', 'l0pezem', 'Emily', 'Natalia', 'Lopez', '0', '579 Maple St'),
(34, '258', 'jack.wright', 'wr1ghtjack', 'Jack', 'William', 'Wright', '1', '852 Walnut St'),
(35, '951', 'lily.gonzalez', 'g0nzal3s', 'Lily', 'Madison', 'Gonzalez', '0', '468 Birch St'),
(36, '357', 'noah.perez', 'p3r3zno', 'Noah', 'David', 'Perez', '1', '975 Hickory St'),
(37, '852', 'ava.turner', 'turnerava', 'Ava', 'Samantha', 'Turner', '0', '357 Ash St'),
(38, '246', 'logan.collins', 'c0llinslg', 'Logan', 'Oliver', 'Collins', '1', '864 Sycamore St'),
(39, '753', 'mia.gomez', 'g0m3zmia', 'Mia', 'Ella', 'Gomez', '0', '159 Poplar St'),
(40, '159', 'harper.stewart', 'st3warth', 'Harper', 'David', 'Stewart', '1', '246 Spruce St'),
(41, '246', 'olivia.sanchez', 's4nch3zol', 'Olivia', 'Grace', 'Sanchez', '0', '753 Redwood St'),
(42, '852', 'henry.rogers', 'r0gershen', 'Henry', 'Christopher', 'Rogers', '1', '852 Cedar St'),
(43, '369', 'amelia.peterson', 'p3tersona', 'Amelia', 'Avery', 'Peterson', '0', '123 Main St'),
(44, '258', 'daniel.kelly', 'k3llydan', 'Daniel', 'Leo', 'Kelly', '1', '456 Elm St'),
(45, '951', 'emily.cooper', 'c00perem', 'Emily', 'Evelyn', 'Cooper', '0', '789 Oak St'),
(46, '753', 'ava.morris', 'm0rrisava', 'Ava', 'Grace', 'Morris', '0', '963 Pine St'),
(47, '852', 'noah.howard', 'h0wardn04h', 'Noah', 'Samuel', 'Howard', '1', '852 Birch St'),
(48, '369', 'olivia.james', 'j4m3s0lv', 'Olivia', 'Ella', 'James', '0', '357 Elm St'),
(49, '357', 'harper.bennett', 'b3nn3tth', 'Harper', 'Nathan', 'Bennett', '1', '654 Maple St'),
(50, '258', 'henry.flores', 'fl0r3shen', 'Henry', 'David', 'Flores', '1', '789 Cedar St'),
(51, '951', 'mia.russell', 'russ3llmi4', 'Mia', 'Avery', 'Russell', '0', '357 Oak St'),
(52, '159', 'amelia.watson', 'w4tsonam', 'Amelia', 'Sophia', 'Watson', '0', '246 Sycamore St'),
(53, '246', 'daniel.griffin', 'gr1ffindan', 'Daniel', 'Joseph', 'Griffin', '1', '123 Walnut St'),
(54, '753', 'lily.nguyen', 'nguy3nl1ly', 'Lily', 'Zoe', 'Nguyen', '0', '963 Hickory St'),
(55, '357', 'logan.hall', 'h4lll0gan', 'Logan', 'Charles', 'Hall', '1', '357 Ash St'),
(56, '852', 'olivia.brooks', 'br00ksol', 'Olivia', 'Madison', 'Brooks', '0', '852 Redwood St'),
(57, '159', 'daniel.lee', 'l33dani3l', 'Daniel', 'Christopher', 'Lee', '1', '159 Cedar St'),
(58, '369', 'amelia.cooper', 'c00peramel', 'Amelia', 'Evelyn', 'Cooper', '0', '123 Main St'),
(59, '258', 'henry.wright', 'wr1ghthen', 'Henry', 'Lucas', 'Wright', '1', '456 Elm St'),
(60, '951', 'lily.rodriguez', 'r0driguezl', 'Lily', 'Gabriel', 'Rodriguez', '0', '789 Oak St'),
(61, '753', 'william.garcia', 'g4rci4will', 'William', 'Alexander', 'Garcia', '1', '852 Pine St'),
(62, '852', 'sophia.martinez', 'm4rtinezs0ph', 'Sophia', 'Victoria', 'Martinez', '0', '963 Birch St'),
(63, '369', 'oliver.robinson', 'r0b1nsonoli', 'Oliver', 'David', 'Robinson', '1', '357 Elm St'),
(64, '357', 'isabella.clark', 'cl4rkis4b', 'Isabella', 'Zoe', 'Clark', '0', '654 Maple St'),
(65, '258', 'liam.rodriguez', 'r0driguezli4m', 'Liam', 'Joseph', 'Rodriguez', '1', '789 Cedar St'),
(66, '951', 'ava.lewis', 'l3wisava', 'Ava', 'James', 'Lewis', '0', '357 Oak St'),
(67, '159', 'amelia.lee', 'l33leel4', 'Amelia', 'Evelyn', 'Lee', '0', '246 Sycamore St'),
(68, '246', 'noah.walker', 'w4lk3rn04h', 'Noah', 'Lucas', 'Walker', '1', '123 Walnut St'),
(69, '753', 'mia.hall', 'h4llmi4', 'Mia', 'Gabriel', 'Hall', '0', '963 Hickory St'),
(70, '357', 'elijah.allen', '4ll3neli', 'Elijah', 'Madison', 'Allen', '1', '357 Ash St'),
(71, '852', 'sophia.young', 'y0ungs0ph', 'Sophia', 'Christopher', 'Young', '0', '852 Redwood St'),
(72, '159', 'olivia.hernandez', 'h3rn4nd3zol', 'Olivia', 'Lucas', 'Hernandez', '0', '159 Cedar St'),
(73, '369', 'william.nguyen', 'nguy3nwill', 'William', 'David', 'Nguyen', '1', '123 Main St'),
(74, '258', 'lucas.gonzalez', 'g0nz4lezluc4s', 'Lucas', 'Oliver', 'Gonzalez', '1', '456 Elm St'),
(75, '951', 'mia.perez', 'p3rezmia', 'Mia', 'Joseph', 'Perez', '0', '789 Oak St');



DROP TABLE IF EXISTS `Students`;
CREATE TABLE `Students` (
`student_id` INTEGER PRIMARY KEY,
`date_of_registration` DATETIME,
`date_of_latest_logon` DATETIME,
`login_name` VARCHAR(40),
`password` VARCHAR(10),
`personal_name` VARCHAR(40),
`middle_name` VARCHAR(40),
`family_name` VARCHAR(40)
);
INSERT INTO Students (`student_id`, `date_of_registration`, `date_of_latest_logon`, `login_name`, `password`, `personal_name`, `middle_name`, `family_name`) VALUES (1, '2015-07-22 13:32:35', '2024-10-17 22:52:26', 'annamae.hoppe', 'db8765bb6f', 'Wilson', 'Aubrey', 'Ward');
INSERT INTO Students (`student_id`, `date_of_registration`, `date_of_latest_logon`, `login_name`, `password`, `personal_name`, `middle_name`, `family_name`) VALUES (2, '2015-07-02 00:21:42', '2024-06-24 22:16:27', 'wmiller', '35faf8182a', 'Karson', 'Luella', 'Jaskolski');
INSERT INTO Students (`student_id`, `date_of_registration`, `date_of_latest_logon`, `login_name`, `password`, `personal_name`, `middle_name`, `family_name`) VALUES (3, '2015-10-11 03:23:27', '2024-03-10 23:22:23', 'ahartmann', '8e064ec4e6', 'Mariela', 'Brandt', 'Legros');
INSERT INTO Students (`student_id`, `date_of_registration`, `date_of_latest_logon`, `login_name`, `password`, `personal_name`, `middle_name`, `family_name`) VALUES (4, '2016-01-05 17:21:32', '2024-09-24 23:15:41', 'ylockman', 'a18d639a12', 'Krystel', 'Casimir', 'Langosh');
INSERT INTO Students (`student_id`, `date_of_registration`, `date_of_latest_logon`, `login_name`, `password`, `personal_name`, `middle_name`, `family_name`) VALUES (5, '2015-04-27 10:25:31', '2024-09-05 23:04:07', 'mohamed50', 'aedd08a3b9', 'Autumn', 'Lawson', 'Schumm');
INSERT INTO Students (`student_id`, `date_of_registration`, `date_of_latest_logon`, `login_name`, `password`, `personal_name`, `middle_name`, `family_name`) VALUES (6, '2015-05-12 03:59:32', '2024-09-09 13:19:18', 'bmarquardt', '3e72450865', 'Bernie', 'Asa', 'Zieme');
INSERT INTO Students (`student_id`, `date_of_registration`, `date_of_latest_logon`, `login_name`, `password`, `personal_name`, `middle_name`, `family_name`) VALUES (7, '2015-09-05 10:49:02', '2024-07-17 23:13:31', 'darrin56', '35cd4a47a3', 'Jewel', 'Marianne', 'Hodkiewicz');
INSERT INTO Students (`student_id`, `date_of_registration`, `date_of_latest_logon`, `login_name`, `password`, `personal_name`, `middle_name`, `family_name`) VALUES (8, '2015-12-06 07:43:56', '2024-08-24 19:42:33', 'eichmann.lera', '623af75b4a', 'Marshall', 'Linnea', 'Johns');
INSERT INTO Students (`student_id`, `date_of_registration`, `date_of_latest_logon`, `login_name`, `password`, `personal_name`, `middle_name`, `family_name`) VALUES (9, '2015-08-13 03:31:42', '2024-11-25 03:14:32', 'sdaugherty', '7c90dbbfde', 'Prince', 'Kailey', 'Ziemann');
INSERT INTO Students (`student_id`, `date_of_registration`, `date_of_latest_logon`, `login_name`, `password`, `personal_name`, `middle_name`, `family_name`) VALUES (10, '2015-04-12 11:07:48', '2024-12-11 14:29:41', 'myron.bergnaum', '5bc0d35e75', 'Alicia', 'Vicente', 'Carroll');
INSERT INTO Students (`student_id`, `date_of_registration`, `date_of_latest_logon`, `login_name`, `password`, `personal_name`, `middle_name`, `family_name`) VALUES (11, '2015-10-15 09:36:40', '2024-12-29 19:06:35', 'gia.jacobson', '2e05a1e6a3', 'Clotilde', 'Kolby', 'Windler');
INSERT INTO Students (`student_id`, `date_of_registration`, `date_of_latest_logon`, `login_name`, `password`, `personal_name`, `middle_name`, `family_name`) VALUES (12, '2016-03-25 18:58:58', '2024-11-07 00:15:03', 'kiarra28', 'aa33f3b875', 'Claudia', 'Karley', 'Mitchell');
INSERT INTO Students (`student_id`, `date_of_registration`, `date_of_latest_logon`, `login_name`, `password`, `personal_name`, `middle_name`, `family_name`) VALUES (13, '2015-03-29 14:43:22', '2024-10-10 11:27:03', 'francisca48', '1c760b9d5d', 'Else', 'Camilla', 'Hartmann');
INSERT INTO Students (`student_id`, `date_of_registration`, `date_of_latest_logon`, `login_name`, `password`, `personal_name`, `middle_name`, `family_name`) VALUES (14, '2015-08-11 01:04:31', '2024-08-15 08:10:04', 'ruthie.rolfson', '9031f3a72e', 'Cary', 'Ursula', 'O''Reilly');
INSERT INTO Students (`student_id`, `date_of_registration`, `date_of_latest_logon`, `login_name`, `password`, `personal_name`, `middle_name`, `family_name`) VALUES (15, '2016-01-12 15:33:36', '2024-11-22 18:38:02', 'jgulgowski', '0f37421f02', 'Eliza', 'Shanel', 'Leannon');


INSERT INTO Students (`student_id`, `date_of_registration`, `date_of_latest_logon`, `login_name`, `password`, `personal_name`, `middle_name`, `family_name`) VALUES
(16, '2016-04-15 08:17:33', '2024-09-05 17:23:19', 'sarah.johnson', 'pass123', 'Sarah', 'Louise', 'Johnson'),
(17, '2016-06-03 12:41:28', '2024-11-02 08:13:55', 'jacob.williams', 'will1am5', 'Jacob', 'Daniel', 'Williams'),
(18, '2016-08-22 16:59:45', '2024-10-28 21:45:37', 'olivia.brown', '0livia123', 'Olivia', 'Grace', 'Brown'),
(19, '2017-01-11 19:37:52', '2024-09-06 14:29:08', 'ethan.jones', 'j0n3s3th', 'Ethan', 'Michael', 'Jones'),
(20, '2017-03-30 22:55:06', '2024-09-01 11:57:44', 'mia.davis', 'dav1sm1a', 'Mia', 'Elizabeth', 'Davis'),
(21, '2017-05-18 01:23:14', '2024-08-04 06:36:12', 'ava.wilson', 'wilson4va', 'Ava', 'Sophia', 'Wilson'),
(22, '2017-09-06 03:47:29', '2024-07-07 19:14:53', 'mason.thomas', 'th0mas0n', 'Mason', 'William', 'Thomas'),
(23, '2017-11-25 06:11:35', '2024-07-03 23:58:21', 'amelia.jackson', 'jacks0nam', 'Amelia', 'Charlotte', 'Jackson'),
(24, '2018-02-13 09:29:44', '2024-09-06 03:32:49', 'lucas.miller', 'm1ll3rluc', 'Lucas', 'James', 'Miller'),
(25, '2018-04-03 11:59:59', '2024-08-08 10:55:30', 'sophia.garcia', 'g4rc14s', 'Sophia', 'Emma', 'Garcia'),
(26, '2018-05-21 14:22:18', '2018-06-02 13:18:42', 'william.martinez', 'm4rt1n3zw', 'William', 'David', 'Martinez'),
(27, '2018-07-09 17:44:27', '2018-07-20 16:39:59', 'emily.anderson', '4nd3rs0n', 'Emily', 'Avery', 'Anderson'),
(28, '2018-09-26 20:05:36', '2018-10-07 19:01:14', 'james.hernandez', 'h3rn4nd3z', 'James', 'Joseph', 'Hernandez'),
(29, '2019-01-14 22:27:45', '2019-01-25 21:23:09', 'isabella.young', 'y0ung1sa', 'Isabella', 'Abigail', 'Young'),
(30, '2019-03-04 01:49:54', '2019-03-15 00:45:28', 'daniel.clark', 'cl4rkdan', 'Daniel', 'Alexander', 'Clark'),
(31, '2019-03-15 08:17:33', '2022-04-05 17:23:19', 'ryan.hill', 'h1llry4n', 'Ryan', 'Lucas', 'Hill'),
(32, '2021-06-03 12:41:28', '2023-04-02 08:13:55', 'mia.phillips', 'ph1ll1psmi4', 'Mia', 'Scarlett', 'Phillips'),
(33, '2021-08-22 16:59:45', '2023-03-28 21:45:37', 'jacob.evans', '3v4nsj4c0b', 'Jacob', 'Carter', 'Evans'),
(34, '2022-01-11 19:37:52', '2023-04-06 14:29:08', 'olivia.bailey', 'b41l3y0l1v', 'Olivia', 'Elizabeth', 'Bailey'),
(35, '2022-03-30 22:55:06', '2023-04-01 11:57:44', 'ethan.cox', 'c0xeth', 'Ethan', 'Michael', 'Cox'),
(36, '2022-05-18 01:23:14', '2023-04-04 06:36:12', 'mia.griffin', 'gr1ffinmia', 'Mia', 'Isabella', 'Griffin'),
(37, '2022-09-06 03:47:29', '2023-04-07 19:14:53', 'ava.russell', 'russ3llava', 'Ava', 'Sofia', 'Russell'),
(38, '2022-11-25 06:11:35', '2023-04-03 23:58:21', 'william.diaz', 'd1azw1ll', 'William', 'Benjamin', 'Diaz'),
(39, '2023-02-13 09:29:44', '2023-04-06 03:32:49', 'emily.hayes', 'h4y3sm1ly', 'Emily', 'Avery', 'Hayes'),
(40, '2023-04-03 11:59:59', '2023-04-08 10:55:30', 'james.price', 'pr1cej4m', 'James', 'Joseph', 'Price'),
(41, '2023-05-21 14:22:18', '2023-06-02 13:18:42', 'emma.brooks', 'br00k53mm', 'Emma', 'Evelyn', 'Brooks'),
(42, '2023-07-09 17:44:27', '2023-07-20 16:39:59', 'noah.long', 'l0ngn04h', 'Noah', 'Ethan', 'Long'),
(43, '2023-09-26 20:05:36', '2023-10-07 19:01:14', 'olivia.wood', 'w00d0l1v', 'Olivia', 'Mia', 'Wood'),
(44, '2024-01-14 22:27:45', '2024-01-25 21:23:09', 'logan.jenkins', 'j3nk1nslg', 'Logan', 'Gabriel', 'Jenkins'),
(45, '2024-03-04 01:49:54', '2024-03-15 00:45:28', 'emma.richardson', 'r1ch4rds0n', 'Emma', 'Elijah', 'Richardson'),
(46, '2024-03-22 05:07:01', '2024-03-29 09:12:59', 'william.collins', 'c0llinsw1ll', 'William', 'Elijah', 'Collins'),
(47, '2024-05-10 07:32:17', '2024-05-20 11:27:43', 'ava.gonzalez', 'g0nzal3zava', 'Ava', 'David', 'Gonzalez'),
(48, '2024-06-28 09:59:45', '2024-07-10 13:44:22', 'james.perez', 'p3r3zjam3s', 'James', 'Oliver', 'Perez'),
(49, '2024-08-15 12:27:30', '2024-08-25 16:21:59', 'emma.turner', 'turn3r3mm4', 'Emma', 'Joseph', 'Turner'),
(50, '2024-10-02 14:56:19', '2024-10-12 18:49:52', 'oliver.cooper', 'c00peroli', 'Oliver', 'Samuel', 'Cooper'),
(51, '2024-11-19 17:25:08', '2024-11-29 21:19:35', 'isabella.rogers', 'r0gersis4b', 'Isabella', 'Benjamin', 'Rogers'),
(52, '2025-01-06 19:54:17', '2025-01-16 23:48:45', 'logan.stewart', 'st3w4rtl0g', 'Logan', 'Zoe', 'Stewart'),
(53, '2025-02-23 22:23:36', '2025-03-05 02:18:04', 'ava.richardson', 'r1ch4rds4v', 'Ava', 'Nathan', 'Richardson'),
(54, '2025-04-12 00:52:45', '2025-04-22 04:47:12', 'daniel.brooks', 'br00ksdan', 'Daniel', 'Christopher', 'Brooks'),
(55, '2025-05-30 03:21:14', '2025-06-09 07:15:42', 'olivia.watson', 'w4tsonol1v', 'Olivia', 'Lucas', 'Watson'),
(56, '2025-07-17 05:50:23', '2025-07-27 09:44:51', 'noah.nguyen', 'nguy3nn04h', 'Noah', 'Madison', 'Nguyen'),
(57, '2025-09-03 08:19:32', '2025-09-13 12:14:00', 'mia.hall', 'h4llmia', 'Mia', 'Gabriel', 'Hall'),
(58, '2025-10-20 10:48:41', '2025-10-30 14:43:09', 'emily.jenkins', 'j3nk1ns3m', 'Emily', 'Elijah', 'Jenkins'),
(59, '2025-12-07 13:17:50', '2025-12-17 17:12:18', 'william.lee', 'l33will', 'William', 'David', 'Lee'),
(60, '2026-01-24 15:46:59', '2026-02-03 19:41:27', 'olivia.wright', 'wr1ghtoli', 'Olivia', 'Oliver', 'Wright'),
(61, '2028-03-22 05:07:01', '2028-03-29 09:12:59', 'willow.collins', 'c0llinswill0w', 'Willow', 'Ella', 'Collins'),
(62, '2028-05-10 07:32:17', '2028-05-20 11:27:43', 'ethan.gonzalez', 'g0nz4leth4n', 'Ethan', 'Samuel', 'Gonzalez'),
(63, '2028-06-28 09:59:45', '2028-07-10 13:44:22', 'mia.perez', 'p3rezmia4', 'Mia', 'Madison', 'Perez'),
(64, '2028-08-15 12:27:30', '2028-08-25 16:21:59', 'noah.turner', 'turn3rno4h', 'Noah', 'Joseph', 'Turner'),
(65, '2028-10-02 14:56:19', '2028-10-12 18:49:52', 'emma.cooper', 'c00peremma', 'Emma', 'Oliver', 'Cooper'),
(66, '2028-11-19 17:25:08', '2028-11-29 21:19:35', 'oliver.rogers', 'r0g3rsoli', 'Oliver', 'David', 'Rogers'),
(67, '2029-01-06 19:54:17', '2029-01-16 23:48:45', 'isabella.stewart', 'st3w4rtis4b', 'Isabella', 'Lucas', 'Stewart'),
(68, '2029-02-23 22:23:36', '2029-03-05 02:18:04', 'liam.richardson', 'r1ch4rdsonli4m', 'Liam', 'Gabriel', 'Richardson'),
(69, '2029-04-12 00:52:45', '2029-04-22 04:47:12', 'emma.brooks', 'br00ksem', 'Emma', 'Joseph', 'Brooks'),
(70, '2029-05-30 03:21:14', '2029-06-09 07:15:42', 'noah.watson', 'w4tsonno4h', 'Noah', 'Christopher', 'Watson'),
(71, '2029-07-17 05:50:23', '2029-07-27 09:44:51', 'ava.nguyen', 'nguy3nava', 'Ava', 'Elijah', 'Nguyen'),
(72, '2029-09-03 08:19:32', '2029-09-13 12:14:00', 'lucas.hall', 'h4lllucas', 'Lucas', 'Zoe', 'Hall'),
(73, '2029-10-20 10:48:41', '2029-10-30 14:43:09', 'sophia.jenkins', 'j3nkinss0ph', 'Sophia', 'Nathan', 'Jenkins'),
(74, '2029-12-07 13:17:50', '2029-12-17 17:12:18', 'lucas.lee', 'l33leeluc4s', 'Lucas', 'Evelyn', 'Lee'),
(75, '2030-01-24 15:46:59', '2030-02-03 19:41:27', 'mia.johnson', 'j0hns0nmi4', 'Mia', 'William', 'Johnson');



DROP TABLE IF EXISTS `Subjects`;
CREATE TABLE `Subjects` (
`subject_id` INTEGER PRIMARY KEY,
`subject_name` VARCHAR(120)
);
INSERT INTO Subjects (`subject_id`, `subject_name`) VALUES (1, 'Computer Science');
INSERT INTO Subjects (`subject_id`, `subject_name`) VALUES (2, 'Arts');
INSERT INTO Subjects (`subject_id`, `subject_name`) VALUES (3, 'Language');

INSERT INTO Subjects (`subject_id`, `subject_name`) VALUES
(4, 'Mathematics'),
(5, 'History'),
(6, 'Physics'),
(7, 'Biology'),
(8, 'Chemistry'),
(9, 'Literature'),
(10, 'Computer Science'),
(11, 'Geography'),
(12, 'Art'),
(13, 'Music'),
(14, 'Physical Education'),
(15, 'Economics'),
(16, 'Psychology'),
(17, 'Sociology'),
(18, 'Languages'),
(19, 'Political Science'),
(20, 'Environmental Science'),
(21, 'Philosophy'),
(22, 'Statistics'),
(23, 'Anthropology'),
(24, 'Astronomy'),
(25, 'Business Administration'),
(26, 'Marketing'),
(27, 'Law'),
(28, 'Ethics'),
(29, 'Film Studies'),
(30, 'Healthcare Management'),
(31, 'Information Technology'),
(32, 'Neuroscience'),
(33, 'Nutrition'),
(34, 'Theater'),
(35, 'Zoology'),
(36, 'Psychology'),
(37, 'Sociology'),
(38, 'History'),
(39, 'Economics'),
(40, 'Geography'),
(41, 'Chemistry'),
(42, 'Physics'),
(43, 'English Literature'),
(44, 'Mathematics'),
(45, 'Computer Science'),
(46, 'Music'),
(47, 'Art'),
(48, 'Foreign Languages'),
(49, 'Physical Education'),
(50, 'Dance');




DROP TABLE IF EXISTS `Courses`;
CREATE TABLE `Courses` (
`course_id` INTEGER PRIMARY KEY,
`author_id` INTEGER NOT NULL,
`subject_id` INTEGER NOT NULL,
`course_name` VARCHAR(120),
`course_description` VARCHAR(255),
FOREIGN KEY (`author_id` ) REFERENCES `Course_Authors_and_Tutors`(`author_id` ),
FOREIGN KEY (`subject_id` ) REFERENCES `Subjects`(`subject_id` )
);
INSERT INTO Courses (`course_id`, `author_id`, `subject_id`, `course_name`, `course_description`) VALUES (1, 8, 1, 'database', 'database');
INSERT INTO Courses (`course_id`, `author_id`, `subject_id`, `course_name`, `course_description`) VALUES (2, 6, 1, 'advanced database', 'advanced database');
INSERT INTO Courses (`course_id`, `author_id`, `subject_id`, `course_name`, `course_description`) VALUES (6, 15, 1, 'operating system', 'operating system');
INSERT INTO Courses (`course_id`, `author_id`, `subject_id`, `course_name`, `course_description`) VALUES (4, 14, 2, 'Art history', 'Art history');
INSERT INTO Courses (`course_id`, `author_id`, `subject_id`, `course_name`, `course_description`) VALUES (5, 11, 1, 'data structure', 'data structure');
INSERT INTO Courses (`course_id`, `author_id`, `subject_id`, `course_name`, `course_description`) VALUES (3, 12, 3, 'English', 'English');
INSERT INTO Courses (`course_id`, `author_id`, `subject_id`, `course_name`, `course_description`) VALUES (7, 8, 3, 'French', 'French');
INSERT INTO Courses (`course_id`, `author_id`, `subject_id`, `course_name`, `course_description`) VALUES (8, 4, 3, 'Japanese', 'Japanese');
INSERT INTO Courses (`course_id`, `author_id`, `subject_id`, `course_name`, `course_description`) VALUES (9, 13, 1, 'AI', 'AI');
INSERT INTO Courses (`course_id`, `author_id`, `subject_id`, `course_name`, `course_description`) VALUES (10, 5, 3, 'Writing in French', 'Writing in French');
INSERT INTO Courses (`course_id`, `author_id`, `subject_id`, `course_name`, `course_description`) VALUES (11, 9, 3, 'Spanish', 'Spanish');
INSERT INTO Courses (`course_id`, `author_id`, `subject_id`, `course_name`, `course_description`) VALUES (12, 5, 2, 'European Arts', 'European Arts');
INSERT INTO Courses (`course_id`, `author_id`, `subject_id`, `course_name`, `course_description`) VALUES (13, 13, 1, 'machine learning', 'machine learning');
INSERT INTO Courses (`course_id`, `author_id`, `subject_id`, `course_name`, `course_description`) VALUES (14, 6, 2, 'modern Arts', 'modern Arts');
INSERT INTO Courses (`course_id`, `author_id`, `subject_id`, `course_name`, `course_description`) VALUES (15, 14, 2, 'Chinese Painting', 'Chinese Painting');


INSERT INTO Courses (`course_id`, `author_id`, `subject_id`, `course_name`, `course_description`) VALUES
(16, 16, 4, 'Algebra Basics', 'Introduction to Algebraic concepts'),
(17, 17, 5, 'World History', 'Exploring historical events globally'),
(18, 18, 6, 'Introduction to Physics', 'Basic principles of physics'),
(19, 19, 7, 'Cell Biology', 'Study of the cell structure and function'),
(20, 20, 8, 'Chemical Reactions', 'Understanding chemical reactions'),
(21, 21, 9, 'American Literature', 'Exploration of American literary works'),
(22, 22, 10, 'Python Programming', 'Introduction to Python programming'),
(23, 23, 11, 'World Geography', 'Understanding global geographical features'),
(24, 24, 12, 'Art History', 'Study of artistic movements and artists'),
(25, 25, 13, 'Music Appreciation', 'Appreciation of various music genres'),
(26, 26, 14, 'Physical Fitness', 'Promoting physical health and fitness'),
(27, 27, 15, 'Microeconomics', 'Basic principles of microeconomics'),
(28, 28, 16, 'Introduction to Psychology', 'Understanding basic psychology concepts'),
(29, 29, 17, 'Sociology Fundamentals', 'Basic understanding of sociology'),
(30, 30, 18, 'Language Studies', 'Introduction to language studies'),
(31, 31, 19, 'Introduction to Political Science', 'Basic concepts of political systems'),
(32, 32, 20, 'Introduction to Environmental Science', 'Understanding environmental issues and solutions'),
(33, 33, 21, 'Philosophy 101', 'Exploration of fundamental philosophical questions'),
(34, 34, 22, 'Statistics for Beginners', 'Basic statistical analysis and interpretation'),
(35, 35, 23, 'Cultural Anthropology', 'Understanding cultural variations and human societies'),
(36, 36, 24, 'Introduction to Astronomy', 'Basic principles of celestial bodies and phenomena'),
(37, 37, 25, 'Principles of Business Administration', 'Understanding business management fundamentals'),
(38, 38, 26, 'Marketing Strategies', 'Exploring marketing principles and strategies'),
(39, 39, 27, 'Introduction to Law', 'Basic legal concepts and systems'),
(40, 40, 28, 'Ethical Decision Making', 'Understanding ethical principles in decision-making'),
(41, 41, 29, 'Film Analysis', 'Analysis of film techniques and storytelling'),
(42, 42, 30, 'Healthcare Administration', 'Management principles in healthcare organizations'),
(43, 43, 31, 'Introduction to Information Technology', 'Basic concepts of IT and computer systems'),
(44, 44, 32, 'Neuroscience Fundamentals', 'Basic principles of neuroscience'),
(45, 45, 33, 'Nutrition and Health', 'Understanding the impact of nutrition on health'),
(46, 46, 34, 'Introduction to Theater', 'Basic concepts of theater and dramatic arts'),
(47, 47, 35, 'Zoology Basics', 'Introduction to the study of animal life'),
(48, 46, 36, 'Introduction to Psychology', 'Basic concepts and theories of psychology'),
(49, 47, 37, 'Fundamentals of Sociology', 'Understanding societal structures and dynamics'),
(50, 48, 38, 'World History', 'Overview of historical events and civilizations'),
(51, 49, 39, 'Principles of Economics', 'Introduction to economic theories and principles'),
(52, 50, 40, 'Geography Basics', 'Basic concepts of geographical studies'),
(53, 51, 41, 'Chemistry Fundamentals', 'Basic principles and elements of chemistry'),
(54, 52, 42, 'Physics Introduction', 'Basic laws and principles of physics'),
(55, 53, 43, 'English Literature Analysis', 'Analysis of literary works and genres'),
(56, 54, 44, 'Mathematics for Beginners', 'Basic mathematical principles and problem-solving'),
(57, 55, 45, 'Introduction to Computer Science', 'Basic concepts of computer science'),
(58, 56, 46, 'Music Appreciation', 'Exploring various genres and elements of music'),
(59, 57, 47, 'Art History', 'Exploration of art movements and periods'),
(60, 58, 48, 'Introduction to Foreign Languages', 'Introduction to foreign language studies'),
(61, 59, 49, 'Physical Education Basics', 'Understanding physical fitness and health'),
(62, 60, 50, 'Introduction to Dance', 'Basic concepts and techniques of dance');





DROP TABLE IF EXISTS `Student_Course_Enrolment`;
CREATE TABLE `Student_Course_Enrolment` (
`registration_id` INTEGER PRIMARY KEY,
`student_id` INTEGER NOT NULL,
`course_id` INTEGER NOT NULL,
`date_of_enrolment` DATETIME NOT NULL,
`date_of_completion` DATETIME NOT NULL,
FOREIGN KEY (`course_id` ) REFERENCES `Courses`(`course_id` ),
FOREIGN KEY (`student_id` ) REFERENCES `Students`(`student_id` )
);
INSERT INTO Student_Course_Enrolment (`registration_id`, `student_id`, `course_id`, `date_of_enrolment`, `date_of_completion`)
VALUES
(1, 1, 3, '2021-09-03 08:30:00', '2024-06-15 12:45:00'),
(2, 2, 3, '2021-09-10 11:15:00', '2024-06-10 15:30:00'),
(3, 3, 3, '2021-09-08 14:45:00', '2024-06-12 09:20:00'),
(4, 4, 3, '2021-09-05 10:00:00', '2024-06-18 14:00:00'),
(5, 5, 3, '2021-09-13 09:15:00', '2024-06-07 16:30:00'),
(6, 6, 3, '2021-09-01 12:30:00', '2024-06-20 11:45:00'),
(7, 7, 3, '2021-09-09 15:45:00', '2024-06-19 10:15:00'),
(8, 8, 3, '2021-09-06 09:30:00', '2024-06-13 13:30:00'),
(9, 9, 3, '2021-09-04 08:00:00', '2024-06-14 17:45:00'),
(10, 10, 3, '2021-09-11 10:45:00', '2024-06-16 11:00:00'),
(11, 11, 3, '2021-09-07 14:00:00', '2024-06-09 15:15:00'),
(12, 12, 3, '2021-09-02 11:30:00', '2024-06-17 14:30:00'),
(13, 13, 3, '2021-09-10 10:15:00', '2024-06-20 16:45:00'),
(14, 14, 3, '2021-09-08 13:30:00', '2024-06-11 09:20:00'),
(15, 15, 3, '2021-09-05 16:45:00', '2024-06-15 11:00:00'),
(16, 16, 3, '2021-09-12 09:30:00', '2024-06-14 14:30:00'),
(17, 17, 3, '2021-09-03 08:00:00', '2024-06-17 17:45:00'),
(18, 18, 3, '2021-09-11 11:45:00', '2024-06-16 12:00:00'),
(19, 19, 3, '2021-09-08 15:00:00', '2024-06-13 14:15:00'),
(20, 20, 3, '2021-09-14 10:30:00', '2024-06-19 15:30:00'),
(21, 16, 3, '2023-02-15 08:30:00', '2024-05-15 12:45:00'),
(22, 17, 3, '2023-02-20 11:15:00', '2024-05-10 15:30:00'),
(23, 18, 3, '2023-02-18 14:45:00', '2024-05-12 09:20:00'),
(24, 19, 3, '2023-02-05 10:00:00', '2024-05-18 14:00:00'),
(25, 20, 3, '2023-02-13 09:15:00', '2024-05-07 16:30:00'),
(26, 21, 3, '2023-02-01 12:30:00', '2024-05-20 11:45:00'),
(27, 22, 3, '2023-02-09 15:45:00', '2024-05-19 10:15:00'),
(28, 23, 3, '2023-02-06 09:30:00', '2024-05-13 13:30:00'),
(29, 24, 3, '2023-02-04 08:00:00', '2024-05-14 17:45:00'),
(30, 25, 3, '2023-02-11 10:45:00', '2024-05-16 11:00:00');



DROP TABLE IF EXISTS `Student_Tests_Taken`;
CREATE TABLE `Student_Tests_Taken` (
`registration_id` INTEGER NOT NULL,
`date_test_taken` DATETIME NOT NULL,
`score` INTEGER NOT NULL,
FOREIGN KEY (`registration_id` ) REFERENCES `Student_Course_Enrolment`(`registration_id` )
);



INSERT INTO Student_Tests_Taken (`registration_id`, `date_test_taken`, `score`) VALUES
(1, '2022-03-05 12:00:00', 85),
(1, '2023-03-10 14:30:00', 92),
(1, '2024-03-15 10:45:00', 78),
(2, '2022-03-12 13:15:00', 65),
(2, '2023-03-18 16:20:00', 75),
(2, '2024-03-05 09:30:00', 88),
(3, '2022-03-01 15:45:00', 90),
(3, '2023-03-08 18:00:00', 82),
(3, '2024-03-12 11:20:00', 73),
(4, '2022-03-05 12:00:00', 75),
(4, '2023-03-10 14:30:00', 88),
(4, '2024-03-15 10:45:00', 92),
(5, '2022-03-12 13:15:00', 93),
(5, '2023-03-18 16:20:00', 77),
(5, '2024-03-05 09:30:00', 85),
(6, '2022-03-01 15:45:00', 68),
(6, '2023-03-08 18:00:00', 94),
(6, '2024-03-12 11:20:00', 82),
(7, '2022-03-08 11:10:00', 85),
(7, '2023-03-14 08:45:00', 60),
(7, '2024-03-20 17:30:00', 94),
(8, '2022-03-15 09:30:00', 78),
(8, '2023-03-20 12:00:00', 92),
(8, '2024-03-25 14:45:00', 65),
(9, '2022-03-01 10:00:00', 88),
(9, '2023-03-05 13:30:00', 75),
(9, '2024-03-10 16:45:00', 93),
(10, '2022-03-07 14:15:00', 94),
(10, '2023-03-12 10:30:00', 80),
(10, '2024-03-17 12:55:00', 65),
(11, '2022-03-10 17:30:00', 72),
(11, '2023-03-15 09:45:00', 90),
(11, '2024-03-20 14:00:00', 85),
(12, '2022-03-15 12:00:00', 85),
(12, '2023-03-20 16:15:00', 68),
(12, '2024-03-25 10:30:00', 92),
(13, '2022-03-20 13:45:00', 93),
(13, '2023-03-25 11:00:00', 77),
(13, '2024-03-01 15:25:00', 88),
(14, '2022-03-25 16:00:00', 82),
(14, '2023-03-01 10:15:00', 94),
(14, '2024-03-06 12:40:00', 70),
(15, '2022-03-05 12:00:00', 75),
(15, '2023-03-10 14:30:00', 88),
(15, '2024-03-15 10:45:00', 92),
(16, '2022-03-12 13:15:00', 93),
(16, '2023-03-18 16:20:00', 77),
(16, '2024-03-05 09:30:00', 85),
(17, '2022-03-01 15:45:00', 68),
(17, '2023-03-08 18:00:00', 94),
(17, '2024-03-12 11:20:00', 82),
(18, '2022-03-08 11:10:00', 85),
(18, '2023-03-14 08:45:00', 60),
(18, '2024-03-20 17:30:00', 94),
(19, '2022-03-15 09:30:00', 78),
(19, '2023-03-20 12:00:00', 92),
(19, '2024-03-25 14:45:00', 65),
(20, '2022-03-08 11:10:00', 94),
(20, '2023-03-14 08:45:00', 60);


